kind,model,dim,param,seed_tag,n,alpha,intercept,alpha_lo,alpha_hi,R2,kendall_tau,spearman_rho,slope_theil_sen,grid_label,size_label
unitary,random2body,d=2,kappa=0.40,0xcfe1dfa7,600,0.05684562323025275,-0.575836914501669,0.0025912652130431427,0.12205057687276749,0.007478346794607682,0.11934335002782415,0.1713137536493157,0.12174952254331782,kappa=0.40,"nS=1,nE=1"
unitary,random2body,d=2,kappa=0.60,0xd3c3cf19,600,-0.39901593383981343,-0.6623946052658688,-0.4511419902460907,-0.3414847517746002,0.32033858551850947,-0.4519421257651641,-0.5990759974333262,-0.4150926196048115,kappa=0.60,"nS=1,nE=1"
unitary,random2body,d=2,kappa=0.80,0x251cc3cc,600,-0.39834775491512414,-0.6690655253119028,-0.4497822161277546,-0.34078397472296423,0.33257448924287103,-0.4446076794657763,-0.6050004583346065,-0.40458758222092217,kappa=0.80,"nS=1,nE=1"
unitary,random2body,d=2,kappa=0.40,0x07c9b08f,600,0.18892405237129473,-0.47000447677239404,0.08300772520033455,0.29077712803727507,0.04710649637907527,-0.00783528102392877,-0.0021995061097391934,-0.0116249242222938,kappa=0.40,"nS=1,nE=2"
unitary,random2body,d=2,kappa=0.60,0x7f492456,600,0.013298499622573462,-0.5237081154063858,-0.10730073993443232,0.1454467158651269,0.00020518137497060884,-0.04972732331663884,-0.07308820302278617,-0.07961521505563665,kappa=0.60,"nS=1,nE=2"
unitary,random2body,d=2,kappa=0.80,0x416ba227,600,0.5249218690436944,-0.5120937991004818,0.42607457642029606,0.6199052889599922,0.2333774819881722,0.3240066777963272,0.44122450340139824,0.6254622683127387,kappa=0.80,"nS=1,nE=2"
unitary,random2body,d=2,kappa=0.40,0x1664fa24,600,-0.017393715471829545,-0.33746921474310393,-0.07720284682679619,0.04579730725010791,0.0006595949631645892,-0.011686143572621033,-0.0189626082294673,-0.01305207878772317,kappa=0.40,"nS=2,nE=1"
unitary,random2body,d=2,kappa=0.60,0x24962e63,600,-0.07850889658932475,-0.24809195905714987,-0.13240162967813354,-0.022543828612883832,0.01517596545283828,-0.09117417918753477,-0.13505931960922113,-0.08522685394766111,kappa=0.60,"nS=2,nE=1"
unitary,random2body,d=2,kappa=0.80,0xdaf2c807,600,0.10373185047437207,-0.32699257033685397,0.030477895911799256,0.1793898844108788,0.015735621039195125,0.08028937117417918,0.11956394323317564,0.11068666573542035,kappa=0.80,"nS=2,nE=1"
unitary,random2body,d=2,kappa=0.40,0x9332451d,600,0.4209762193242409,-0.5014036394255987,0.3000592395564634,0.5637185566720502,0.11422769150254186,0.18996104618809123,0.2809489470804085,0.4630837537715061,kappa=0.40,"nS=1,nE=3"
unitary,random2body,d=2,kappa=0.60,0x9d2a487a,600,0.10839571976097583,-0.522921603835714,-0.036573619713302606,0.2578648574520911,0.0072955195258962435,0.04548692264885921,0.06668818524495901,0.120382850245842,kappa=0.60,"nS=1,nE=3"
unitary,random2body,d=2,kappa=0.80,0x6bbcda4f,600,0.8312057807469663,-0.556340214447382,0.7452929137266912,0.9092424185353318,0.5724054429515406,0.5805453533667223,0.7482993008313911,0.9479888217916996,kappa=0.80,"nS=1,nE=3"
unitary,random2body,d=2,kappa=0.40,0x7c5299be,600,0.4984479631275926,-0.5514954387817232,0.3922216405102721,0.6037840270875523,0.23894436547447706,0.3386087924318308,0.47671710199194994,0.5758358739466658,kappa=0.40,"nS=2,nE=2"
unitary,random2body,d=2,kappa=0.60,0x00519a83,600,0.13157820472529488,-0.4070018989607646,0.03552547216942989,0.22504304876965425,0.019811099730556392,0.04321647189760712,0.0595435542876508,0.06574687384715294,kappa=0.60,"nS=2,nE=2"
unitary,random2body,d=2,kappa=0.80,0x4d46f2bb,600,0.3081923272271346,-0.46592770354307966,0.2170012498919805,0.3975937519891383,0.08315528453655718,0.18553144129104063,0.2750496529157025,0.31190681497917805,kappa=0.80,"nS=2,nE=2"
unitary,random2body,d=2,kappa=0.40,0xfd30f41c,600,0.19169212281389514,-0.3183410762498199,0.0925105496078252,0.29254653897552807,0.04433701762031639,0.1115748469671675,0.1633458426273406,0.17185984894776907,kappa=0.40,"nS=3,nE=1"
unitary,random2body,d=2,kappa=0.60,0xc47409c2,600,0.15471744347335903,-0.13434809195607725,0.09042359882140528,0.2184867374893433,0.0422534922242781,0.129449081803005,0.1914823096730824,0.1514068208367949,kappa=0.60,"nS=3,nE=1"
unitary,random2body,d=2,kappa=0.80,0x9bb45492,600,0.20228965112122416,-0.25263646143608703,0.13187189063824772,0.27884767389425474,0.0528002896775831,0.12223706176961602,0.181693838038439,0.1817700401073941,kappa=0.80,"nS=3,nE=1"
unitary,random2body,d=2,kappa=0.40,0xe6e83eb7,600,0.7683812497649019,-0.673461274720663,0.702294697644074,0.8340678413373271,0.49793401233623735,0.5210016694490818,0.7105238625662849,0.8062082540850255,kappa=0.40,"nS=2,nE=3"
unitary,random2body,d=2,kappa=0.60,0x7139af4b,600,0.2358172271366076,-0.4277387714362362,0.14204772156928272,0.3305127188776816,0.0555003435085748,0.12247078464106843,0.183078341884283,0.19021306567577626,kappa=0.60,"nS=2,nE=3"
unitary,random2body,d=2,kappa=0.80,0x93d5fa14,600,0.12236501316694089,-0.39117886319040823,0.029871077377656024,0.20871318747516027,0.014617652586475072,0.06280467445742904,0.0924160344889847,0.100387756320341,kappa=0.80,"nS=2,nE=3"
unitary,random2body,d=2,kappa=0.40,0xd748440f,600,0.3647426906375988,-0.4471515381444014,0.27781647002598897,0.4598505544917365,0.11946169059664236,0.22353923205342238,0.3302112505868071,0.38006284102922616,kappa=0.40,"nS=3,nE=2"
unitary,random2body,d=2,kappa=0.60,0x19a24d37,600,0.1648740088963187,-0.2819889972484679,0.10268290486342628,0.23272371406269585,0.04638331172017518,0.13747356705620478,0.20580057166825463,0.16564203346069462,kappa=0.60,"nS=3,nE=2"
unitary,random2body,d=2,kappa=0.80,0x04ebe7f1,600,0.2570131465483512,-0.36556029590565775,0.17285827550632368,0.34950775727482447,0.05508483684660648,0.13175292153589316,0.19601748893746926,0.23404350505596808,kappa=0.80,"nS=3,nE=2"
unitary,random2body,d=2,kappa=0.40,0x5622a10a,600,0.9542715622460761,-0.7714820370083179,0.9115111019068297,0.9981285864015326,0.7618602461223731,0.6728992765720645,0.8579637721215891,0.9740479325931006,kappa=0.40,"nS=2,nE=4"
unitary,random2body,d=2,kappa=0.60,0x08db6db7,600,0.31045452105942967,-0.4613266854616199,0.18575457689740393,0.438371104657974,0.06006477799021703,0.10989426822481914,0.16081094669707416,0.21769020378607926,kappa=0.60,"nS=2,nE=4"
unitary,random2body,d=2,kappa=0.80,0x950266eb,600,0.4439621785159459,-0.5142735847284988,0.33893267637622243,0.5488354837441909,0.12430903593196796,0.22089037284362825,0.3267896299711943,0.43391335677437276,kappa=0.80,"nS=2,nE=4"
unitary,random2body,d=2,kappa=0.40,0x2d8a2266,600,0.6171617234926178,-0.6413013317691205,0.5415729957604544,0.6921290501348883,0.33150002720193195,0.37597106288258203,0.5355102097505826,0.6185543275487594,kappa=0.40,"nS=3,nE=3"
unitary,random2body,d=2,kappa=0.60,0x6b50fed8,600,0.5713809633758631,-0.6049848938606507,0.48956526198133626,0.6488596509640111,0.3384210420727576,0.35654980523094043,0.5060772391034419,0.5483080430356092,kappa=0.60,"nS=3,nE=3"
unitary,random2body,d=2,kappa=0.80,0x4f06a0e1,600,0.23046035056455888,-0.3692966052133518,0.15229280484502034,0.3069427199455137,0.062481093030122725,0.13127434613244296,0.19432592868313522,0.1862737586953791,kappa=0.80,"nS=3,nE=3"
unitary,random2body,d=2,kappa=0.40,0x3cba3ca1,600,0.667376089201143,-0.6133136706949959,0.5832124602690764,0.7474733698207834,0.3487351405416368,0.4027601558152476,0.5697726938130383,0.6737736085962914,kappa=0.40,"nS=4,nE=2"
unitary,random2body,d=2,kappa=0.60,0xe10b0480,600,0.45207979596616016,-0.38032417605888336,0.33304290639472717,0.5673899252058157,0.10101672128059258,0.18559821925431272,0.2746794296650824,0.42227434495112603,kappa=0.60,"nS=4,nE=2"
unitary,random2body,d=2,kappa=0.80,0xed936818,600,0.32501419844033663,-0.32114773135091046,0.21627186355215575,0.441970632725138,0.0710493080312874,0.13965498052309405,0.20760668779635494,0.27453500139613446,kappa=0.80,"nS=4,nE=2"
unitary,pswap,d=2,kappa=0.40,0x9822c9e8,600,0.13429408170840448,-1.5117342641492413,0.12686128769699426,0.14327205173401117,0.9562857234556164,0.9999999999999999,0.9999999999999999,0.17508417981130558,kappa=0.40,"nS=1,nE=1"
unitary,pswap,d=2,kappa=0.60,0x70e902f4,600,0.15033235811478438,-1.2819999991859954,0.1414349934187781,0.16078167086955455,0.9437656725555902,0.9999999999999999,0.9999999999999999,0.19993059072093639,kappa=0.60,"nS=1,nE=1"
unitary,pswap,d=2,kappa=0.80,0x562bb045,600,0.1729499314442972,-1.0960150260227968,0.16409253347026986,0.18352455098706286,0.9453431067281441,0.9999999999999999,0.9999999999999999,0.22444091417254608,kappa=0.80,"nS=1,nE=1"
unitary,pswap,d=2,kappa=0.40,0x65b4dae4,600,0.37467654794242367,-1.24076814849329,0.33823652924698644,0.41333369145176285,0.6838766290298499,0.7056204785754034,0.8881686893574703,0.3896018936121266,kappa=0.40,"nS=1,nE=2"
unitary,pswap,d=2,kappa=0.60,0x7273ff14,600,0.3902270982620712,-1.0905262915527703,0.35127483557211925,0.4300960611458922,0.712604302166781,0.7222148024485252,0.8994761652115699,0.3882064908326189,kappa=0.60,"nS=1,nE=2"
unitary,pswap,d=2,kappa=0.80,0xb4548f0b,600,0.38828675210287483,-0.9959062286381802,0.35580387136568215,0.4263406229173861,0.6892067531145301,0.7092042292710072,0.8907203631121197,0.41106329911646255,kappa=0.80,"nS=1,nE=2"
unitary,pswap,d=2,kappa=0.40,0x2809f5a1,600,0.3171245635937012,-1.2381824622398576,0.28714454790025107,0.34536888940763816,0.8748827655831335,0.9010016694490818,0.9863835177319936,0.2838873454883977,kappa=0.40,"nS=2,nE=1"
unitary,pswap,d=2,kappa=0.60,0xb6dfb956,600,0.3320997650133663,-1.0737932758012807,0.3128243032319596,0.3535234087410919,0.8998290265471245,0.9189204229271006,0.990876863546843,0.32243049035859905,kappa=0.60,"nS=2,nE=1"
unitary,pswap,d=2,kappa=0.80,0x89c35ab8,600,0.3846602405134911,-0.9098013682094828,0.36419844377331917,0.4063179457673289,0.9143801622529625,0.9286143572621034,0.9921323114786429,0.36432159224722593,kappa=0.80,"nS=2,nE=1"
unitary,pswap,d=2,kappa=0.40,0x42295ab9,600,0.5405535866954413,-1.0470781387084662,0.5128710417725558,0.5662521175862848,0.8371134029850587,0.7626377295492488,0.9156520990336084,0.573611066115826,kappa=0.40,"nS=1,nE=3"
unitary,pswap,d=2,kappa=0.60,0xcdb8117b,600,0.536115263788591,-0.9805644725163768,0.5028159363316332,0.5674421383372479,0.8187452575561788,0.7560823594880356,0.9161503781954949,0.5882869615303157,kappa=0.60,"nS=1,nE=3"
unitary,pswap,d=2,kappa=0.80,0x184bdd19,600,0.5336187465490031,-0.9190281494974081,0.49224074482518565,0.5772955617412726,0.7882019399247328,0.7456649972175848,0.9096686935241485,0.6072706906996514,kappa=0.80,"nS=1,nE=3"
unitary,pswap,d=2,kappa=0.40,0xe6885e60,600,0.30633675505638736,-1.2561339318699098,0.2728170315653618,0.34412842422637785,0.5118037105311162,0.5231051752921535,0.704154011538921,0.3479891172747982,kappa=0.40,"nS=2,nE=2"
unitary,pswap,d=2,kappa=0.60,0x628be5ed,600,0.36814126002353026,-1.0493804530016098,0.3384523620635787,0.4019242043842509,0.5886002415593288,0.5657762938230384,0.7559409331692588,0.3774126216294382,kappa=0.60,"nS=2,nE=2"
unitary,pswap,d=2,kappa=0.80,0xca84b1cc,600,0.39034457148703905,-0.9200820422774636,0.36362518042689823,0.4166988932551141,0.6855013833508535,0.626677796327212,0.8169192692201923,0.401353833766229,kappa=0.80,"nS=2,nE=2"
unitary,pswap,d=2,kappa=0.40,0x7bcbedee,600,0.37117893671969815,-1.1573692465777288,0.35056558232217194,0.39028698580127597,0.9511874039405774,0.9406677796327211,0.994395539987611,0.33584708140938735,kappa=0.40,"nS=3,nE=1"
unitary,pswap,d=2,kappa=0.60,0x59cd3ef6,600,0.40627222667455337,-0.9898628069152134,0.3916565790168602,0.42119854229993897,0.9605413660125953,0.9472342793544796,0.9958555440431779,0.37517334178750683,kappa=0.60,"nS=3,nE=1"
unitary,pswap,d=2,kappa=0.80,0xbb5bb208,600,0.4476335526328521,-0.8586022894237226,0.4300100493928158,0.46461941932681916,0.9631775364973836,0.9512298274902615,0.9960031555643208,0.4200868628659439,kappa=0.80,"nS=3,nE=1"
unitary,pswap,d=2,kappa=0.40,0xd3bba61b,600,0.47684797131609974,-1.1217187405761344,0.44694167588644723,0.5088043541140026,0.7477977202247252,0.6974513077351141,0.8667984077733548,0.5200654478612242,kappa=0.40,"nS=2,nE=3"
unitary,pswap,d=2,kappa=0.60,0x9a51df70,600,0.4893729239669529,-1.0177621990870598,0.46164756060573925,0.5178275498583945,0.7730009225729094,0.6991318864774624,0.874110594751652,0.5209591009907677,kappa=0.60,"nS=2,nE=3"
unitary,pswap,d=2,kappa=0.80,0x9ada8213,600,0.5232052503650721,-0.922427457106866,0.49727174415753944,0.549736829135995,0.7863324438379881,0.7036505286588759,0.8784787179964388,0.5519492758630415,kappa=0.80,"nS=2,nE=3"
unitary,pswap,d=2,kappa=0.40,0x377f91a3,600,0.31832523017706577,-1.2473819444136327,0.2843542680754328,0.3525214564252643,0.41666089808963924,0.43176405119643846,0.6056742379839943,0.32515344883279057,kappa=0.40,"nS=3,nE=2"
unitary,pswap,d=2,kappa=0.60,0xc2a44eab,600,0.3641500255382021,-1.057261836937856,0.335554603956098,0.3935179372981068,0.47548049662411607,0.46080133555926545,0.6374539929277581,0.3668865147149447,kappa=0.60,"nS=3,nE=2"
unitary,pswap,d=2,kappa=0.80,0xf1786014,600,0.375370756283956,-0.9430328563406102,0.3472013576826726,0.40179588525412413,0.5563242648044063,0.5091930996104619,0.6957755993766648,0.37794598973031146,kappa=0.80,"nS=3,nE=2"
unitary,pswap,d=2,kappa=0.40,0x7f367462,600,0.5741616204809831,-1.0483810821926045,0.5485737416769026,0.5979002217790933,0.8537267396805338,0.7609126321647189,0.9186440517890326,0.593678434360954,kappa=0.40,"nS=2,nE=4"
unitary,pswap,d=2,kappa=0.60,0x84b56264,600,0.6055882840469065,-0.9705771377633235,0.5846084068966422,0.6259969361027242,0.8925752051387362,0.813355592654424,0.9529630360084331,0.6220329810762508,kappa=0.60,"nS=2,nE=4"
unitary,pswap,d=2,kappa=0.80,0x648bbdf3,600,0.6630925352771461,-0.9012131262341359,0.6448167827082241,0.6814800480305638,0.9084076932160894,0.8093823038397329,0.948286689685249,0.6678714062513182,kappa=0.80,"nS=2,nE=4"
unitary,pswap,d=2,kappa=0.40,0x4651b223,600,0.48953410710216766,-1.1022724477953827,0.44987187804197304,0.5273804206865547,0.580136650356507,0.5799888703394547,0.7629840638446217,0.5175990407267523,kappa=0.40,"nS=3,nE=3"
unitary,pswap,d=2,kappa=0.60,0xfe4bc937,600,0.5273502566075967,-0.9914948954020762,0.49052755118179975,0.5631951898635682,0.6508008651588155,0.6100946021146355,0.7919098664162956,0.5621029658790626,kappa=0.60,"nS=3,nE=3"
unitary,pswap,d=2,kappa=0.80,0x0c4ca5a8,600,0.5145173923889851,-0.9187686798626961,0.4840930117574708,0.5465511291369277,0.6557625084688705,0.6104841402337228,0.8015188931080364,0.5357552977447178,kappa=0.80,"nS=3,nE=3"
unitary,pswap,d=2,kappa=0.40,0x2097ded4,600,0.21203158587413537,-1.3490828799538999,0.1774515892167478,0.24950649158635382,0.15990919339360588,0.25348914858096827,0.37887821910616415,0.2083612084559478,kappa=0.40,"nS=4,nE=2"
unitary,pswap,d=2,kappa=0.60,0xd980acbc,600,0.2765789806263119,-1.1170883325136984,0.24470870743941645,0.30750886486655005,0.32126992142742217,0.3789872008903728,0.5461752393756649,0.2785952640088478,kappa=0.60,"nS=4,nE=2"
unitary,pswap,d=2,kappa=0.80,0x739040a5,600,0.3124774738460448,-0.9657299170361922,0.27962726566586377,0.34580585971195765,0.3604224609900625,0.39955481357818584,0.5710775863266286,0.30376894066956456,kappa=0.80,"nS=4,nE=2"
unitary,dephasing,d=2,kappa=0.40,0x7677f884,600,0.17190803645286032,-1.0853161314181745,0.0946915762914481,0.25447406019172303,0.1133384445004253,0.2577184195882026,0.31105103069730744,0.2656554024777942,kappa=0.40,"nS=1,nE=1"
unitary,dephasing,d=2,kappa=0.60,0xdb4f5473,600,0.31958346774556906,-0.7318136115128219,0.25298133325001165,0.38568436695053354,0.3686368070901048,0.389860879243183,0.4821646171239364,0.3465089629219743,kappa=0.60,"nS=1,nE=1"
unitary,dephasing,d=2,kappa=0.80,0xa7e334a3,600,0.29073937585186793,-0.5345027508885791,0.2149663415942493,0.36755950002780363,0.2936451014423792,0.3738119087367835,0.4464264622957285,0.34112296365125,kappa=0.80,"nS=1,nE=1"
unitary,dephasing,d=2,kappa=0.40,0x54062a7a,600,0.49060109924978945,-0.858380518879413,0.43709798019100504,0.5366001431688839,0.6393583767153592,0.525230940456316,0.6459825721738116,0.5300583888831476,kappa=0.40,"nS=1,nE=2"
unitary,dephasing,d=2,kappa=0.60,0x483f1670,600,0.580620206607391,-0.6429863658853503,0.534008596300431,0.6167932063251753,0.7673020874943732,0.6204563160823594,0.7629331192586645,0.6129900372319343,kappa=0.60,"nS=1,nE=2"
unitary,dephasing,d=2,kappa=0.80,0xb242cedf,600,0.5967706548145313,-0.46265262906069715,0.5596452178371025,0.6267805327534592,0.8056999868845206,0.6743461324429605,0.8083929122025337,0.653902117536645,kappa=0.80,"nS=1,nE=2"
unitary,dephasing,d=2,kappa=0.40,0xbabae499,600,-0.03532777623932754,-1.2086385865247609,-0.09449504872340662,0.03792302655633798,0.007297858801656898,0.02205898720089037,-0.004183233842316229,0.018269723826211417,kappa=0.40,"nS=2,nE=1"
unitary,dephasing,d=2,kappa=0.60,0x4fd6fe05,600,0.016505006589410717,-0.8470244363116648,-0.048739997276982285,0.09643600744593284,0.0017450139078049043,0.1382749026154702,0.12462417951160973,0.07995940771260837,kappa=0.60,"nS=2,nE=1"
unitary,dephasing,d=2,kappa=0.80,0x455a8a5d,600,-0.06106292251864496,-0.6521111711169945,-0.11961863697427222,0.011744468279809241,0.02681094485762503,0.12191430161380078,0.11518259772943813,0.07421515427042508,kappa=0.80,"nS=2,nE=1"
unitary,dephasing,d=2,kappa=0.40,0x0c3bc659,600,0.6543234304815753,-0.7775309348386913,0.6343541197646643,0.6703469762461715,0.9171071858848262,0.7056427378964941,0.8380484390234416,0.6701948968132408,kappa=0.40,"nS=1,nE=3"
unitary,dephasing,d=2,kappa=0.60,0x6d57baf5,600,0.6742735358052547,-0.6464490576468566,0.6576069833454227,0.6907015861235416,0.9304052812552059,0.7686588759042849,0.8924262567396019,0.700893115311437,kappa=0.60,"nS=1,nE=3"
unitary,dephasing,d=2,kappa=0.80,0x27822c0d,600,0.6805295143933449,-0.46200850657337156,0.6638965571009618,0.6988690465367794,0.9294803226057611,0.7802003338898164,0.9123194231095085,0.7180059056247236,kappa=0.80,"nS=1,nE=3"
unitary,dephasing,d=2,kappa=0.40,0xab87e5a2,600,0.34227380745871977,-0.8771562182475883,0.2779427565740069,0.40395228799973065,0.30268652231942716,0.4014468558708959,0.527513187536632,0.4142434565190558,kappa=0.40,"nS=2,nE=2"
unitary,dephasing,d=2,kappa=0.60,0x0bb93abe,600,0.2899899900223051,-0.6683375588220354,0.21390472694749216,0.3721278413486607,0.2262289090495604,0.36447412353923203,0.4886560240445112,0.37357503927874586,kappa=0.60,"nS=2,nE=2"
unitary,dephasing,d=2,kappa=0.80,0xac050d6c,600,0.4157311366126948,-0.49123992175743303,0.34157878133633024,0.4884832220904964,0.38967625868993017,0.43343350027824146,0.5899938055383487,0.42600392507020973,kappa=0.80,"nS=2,nE=2"
unitary,dephasing,d=2,kappa=0.40,0x6ff595ae,600,-0.1755849794395632,-1.2614029744795634,-0.21294178514087925,-0.12904074244956884,0.3617756328844013,-0.2543350027824151,-0.3638570662696285,-0.10863796014013566,kappa=0.40,"nS=3,nE=1"
unitary,dephasing,d=2,kappa=0.60,0x99623056,600,-0.10407238987187727,-0.8562223891044612,-0.1289748781217073,-0.07520171397782177,0.15727649855344294,-0.09915414579855314,-0.1994558873774649,-0.037188691828441874,kappa=0.60,"nS=3,nE=1"
unitary,dephasing,d=2,kappa=0.80,0x953cf4e9,600,-0.10561030828849693,-0.6008737647054861,-0.14706043669131064,-0.054090993593203185,0.15210004772015906,0.04972732331663884,0.015669154636540655,0.0182829597711042,kappa=0.80,"nS=3,nE=1"
unitary,dephasing,d=2,kappa=0.40,0xb814ca00,600,0.5603172886837252,-0.8361457999941044,0.4722967956445927,0.6322738437368914,0.6313909753983649,0.6262548692264885,0.7960956002655561,0.6173591782033188,kappa=0.40,"nS=2,nE=3"
unitary,dephasing,d=2,kappa=0.60,0x070a9cd9,600,0.5686273157155489,-0.693611024199625,0.5192760986532663,0.6119286383192977,0.6493496086068975,0.586867000556483,0.755318098105828,0.5884010327000773,kappa=0.60,"nS=2,nE=3"
unitary,dephasing,d=2,kappa=0.80,0xcccff5f1,600,0.5168301579420618,-0.5294897083207688,0.4420035829275754,0.5825111112018884,0.5837471497631654,0.561480244852532,0.7257688493579149,0.5361568169045663,kappa=0.80,"nS=2,nE=3"
unitary,dephasing,d=2,kappa=0.40,0xaf2ce01d,600,0.18534349017631999,-0.9150551365454352,0.11506634220362966,0.25527532131756686,0.12100687142184052,0.31833055091819695,0.43030775085486345,0.28972590335696347,kappa=0.40,"nS=3,nE=2"
unitary,dephasing,d=2,kappa=0.60,0xf6276393,600,0.17289288762488708,-0.6441467669860952,0.1039866365113517,0.24712836233515448,0.11714577788470237,0.27444629938786863,0.38254550707085294,0.21553296417046927,kappa=0.60,"nS=3,nE=2"
unitary,dephasing,d=2,kappa=0.80,0x809badb7,600,0.19821048383350362,-0.4430229561043056,0.15010335627238666,0.24530900459952684,0.15236565921869483,0.2777740678909293,0.3871294642485118,0.2151262904582756,kappa=0.80,"nS=3,nE=2"
unitary,dephasing,d=2,kappa=0.40,0xa333a840,600,0.683407225653688,-0.82972794439292,0.6613970143872466,0.7038057909046118,0.8533332194597396,0.7416026711185308,0.9025878405217792,0.669999903284551,kappa=0.40,"nS=2,nE=4"
unitary,dephasing,d=2,kappa=0.60,0xa7acf916,600,0.6525527093895515,-0.7286687859877566,0.6275332682662343,0.673281637515827,0.8745632795932567,0.7174735670562047,0.8760251556254323,0.6434046285835487,kappa=0.60,"nS=2,nE=4"
unitary,dephasing,d=2,kappa=0.80,0xf79a03af,600,0.6535936819878082,-0.5779378019209546,0.626208022043321,0.6773541626551873,0.8436403143224458,0.6994880356149137,0.8597609993361092,0.632660927740115,kappa=0.80,"nS=2,nE=4"
unitary,dephasing,d=2,kappa=0.40,0x023e700e,600,0.5316301915320227,-0.8409692095366229,0.47993283356641525,0.5840455305861769,0.5348888864342856,0.5482359488035615,0.7313041425115069,0.55756229396419,kappa=0.40,"nS=3,nE=3"
unitary,dephasing,d=2,kappa=0.60,0x07424cc7,600,0.3808561832948797,-0.6442440947655537,0.3255312862502403,0.43370247277814544,0.4036869241278038,0.45547022815804117,0.6181377170492139,0.4164204982626042,kappa=0.60,"nS=3,nE=3"
unitary,dephasing,d=2,kappa=0.80,0xa9ea0c8c,600,0.38378234541194495,-0.49851139587103444,0.3190573823433547,0.4483317722615564,0.44331381334486286,0.4602893711741791,0.6224746179850499,0.3925326771402945,kappa=0.80,"nS=3,nE=3"
unitary,dephasing,d=2,kappa=0.40,0xacb2938a,600,0.01785021382408145,-0.9406784614422004,-0.046926798833959296,0.09262168066219563,0.001977460227339578,0.1294713411240957,0.17392348312078645,0.09051558242027963,kappa=0.40,"nS=4,nE=2"
unitary,dephasing,d=2,kappa=0.60,0x314c3271,600,0.033759270724048614,-0.6134496551684229,-0.0020452362648389027,0.0732720636229539,0.012234436876741972,0.14020033388981634,0.20005527793132757,0.07794387207970618,kappa=0.60,"nS=4,nE=2"
unitary,dephasing,d=2,kappa=0.80,0xd628ae48,600,0.05092864309355832,-0.3961750683386764,0.002136747428535443,0.0986371871186258,0.027734192995362283,0.1830717863105175,0.25268225745071515,0.09675341115882866,kappa=0.80,"nS=4,nE=2"
channel,depolarizing,d=2,lambda=0.70,0x8eff3dde,2000,1.5714859405924628,-0.052548831551431745,1.3340328910635457,1.811571343295053,0.05497383107122633,0.16041720860430214,0.22370462592615648,1.90671898029622,lambda=0.70,d=2
channel,depolarizing,d=2,lambda=0.90,0x337c3f1b,2000,0.33971374085067935,-0.28782873698827194,0.08890552120709533,0.5852071537500533,0.002443490006886484,0.09244522261130565,0.13128362532090634,1.069771913638819,lambda=0.90,d=2
channel,depolarizing,d=3,lambda=0.70,0x82edfde3,2000,1.4583454353342524,-0.1326078085302983,1.169217181777989,1.7273231462234655,0.03364897055441474,0.1361960980490245,0.20547852186963045,1.6495322866904722,lambda=0.70,d=3
channel,depolarizing,d=3,lambda=0.90,0x9aad4c54,2000,0.1805964010590599,-0.2935498799507521,-0.1553808668653026,0.5476165953712933,0.00035914257359481727,0.0527783891945973,0.08215618153904537,0.7234356282172225,lambda=0.90,d=3
channel,depolarizing,d=5,lambda=0.70,0xc938c0fc,2000,1.788160839017784,-0.1404375908978656,1.3130981027202442,2.287891106877578,0.02413727747350547,0.11398499249624812,0.17288039822009954,1.9724890743693384,lambda=0.70,d=5
channel,depolarizing,d=5,lambda=0.90,0xe891e976,2000,0.7469741304628088,0.2094540378603474,0.09910142123555706,1.4080717038052584,0.002049565438810963,0.04536168084042021,0.06899951174987794,1.1223633020830848,lambda=0.90,d=5
channel,depolarizing,d=7,lambda=0.70,0x6f3a6052,2000,0.8733079901963203,-0.30034176094889975,0.1892952781834547,1.5399502730102501,0.0028905548977459228,0.033244622311155575,0.050215962553990634,0.8235432462746635,lambda=0.70,d=7
channel,depolarizing,d=7,lambda=0.90,0xb4c2f46e,2000,0.4360118314298434,-0.013360103730114953,-0.5510453953622808,1.4138329657783129,0.00030270666960063863,0.02631215607803902,0.03976817794204448,1.0153159216606955,lambda=0.90,d=7
channel,amp_damp_twirl0,d=2,p=0.10,0xd90cccc2,3000,0.29205344153743135,-0.1274619902182015,0.2818197725513567,0.3030623377345721,0.8669345597715173,1.0,0.9999999999999999,0.4339243263327306,p=0.10|twirl=0,d=2
channel,amp_damp_twirl1,d=2,p=0.10,0x8f12ea95,3000,1.3680001367865282,0.29353685693365983,1.3360789401323392,1.3992608580238077,0.7430348083023608,0.6492461931755029,0.8168432645381404,1.4057291716613332,p=0.10|twirl=1,d=2
channel,amp_damp_twirl3,d=2,p=0.10,0x7f255864,3000,1.4415889330080633,0.42339232098192536,1.3517769910477826,1.5259837920325126,0.26906282274143833,0.4226422140713571,0.5680529986725553,1.4613473996658022,p=0.10|twirl=3,d=2
channel,amp_damp_twirl5,d=2,p=0.10,0x02ba7a61,3000,1.3790536338194277,0.3533312795379091,1.2731261170736206,1.4857535539608824,0.1621338588843817,0.3435354006891186,0.47819869224429906,1.329270967150014,p=0.10|twirl=5,d=2
channel,amp_damp_twirl0,d=2,p=0.30,0xc8056fd5,3000,0.38380292722763976,-0.450530021399366,0.37171547487143547,0.3968834358519955,0.9048308044902652,1.0,0.9999999999999999,0.537042323984051,p=0.30|twirl=0,d=2
channel,amp_damp_twirl1,d=2,p=0.30,0x5e036962,3000,1.271367389443922,0.06230579922811515,1.240667696342079,1.302759134500721,0.7011780923134241,0.6479635434033567,0.8118826635425181,1.3039360100073507,p=0.30|twirl=1,d=2
channel,amp_damp_twirl3,d=2,p=0.30,0xeebb709e,3000,1.2033311613124689,0.13994091714908918,1.1153748016279728,1.2838068179242386,0.22681679443711733,0.3807993775703012,0.5231966407996267,1.2272356521245733,p=0.30|twirl=3,d=2
channel,amp_damp_twirl5,d=2,p=0.30,0x38ef8267,3000,1.3073176164746676,0.2356952237654337,1.2118798850760217,1.4104617009793596,0.13966981874630657,0.30851128153829055,0.4424409109378789,1.2478367884164063,p=0.30|twirl=5,d=2
channel,amp_damp_twirl0,d=2,p=0.50,0xbc90eb65,3000,0.4354405819824413,-0.6720566986757618,0.41920776432320067,0.4519650857250251,0.9232176300944355,1.0,0.9999999999999999,0.5883385445964587,p=0.50|twirl=0,d=2
channel,amp_damp_twirl1,d=2,p=0.50,0x9f9891cd,3000,1.1962124011020068,0.1673982588945638,1.1658825455103599,1.2266381633958525,0.6970055164387199,0.6542540846948982,0.8200995875666208,1.2324045462386104,p=0.50|twirl=1,d=2
channel,amp_damp_twirl3,d=2,p=0.50,0x4336a661,3000,1.1436278460574438,0.25749389552049085,1.069572406583276,1.2210632784441067,0.23822576796722972,0.36502434144714907,0.5155969657329962,1.1328299386884857,p=0.50|twirl=3,d=2
channel,amp_damp_twirl5,d=2,p=0.50,0x737c050f,3000,0.8714993461314885,0.23734066919827038,0.775661391710864,0.9674524957879327,0.09341829792119327,0.2402334111370457,0.3472882194764688,0.8444766703524433,p=0.50|twirl=5,d=2
channel,amp_damp_twirl0,d=2,p=0.80,0xcf10669f,3000,0.4978956657243107,-0.9492626250215677,0.48388480523963484,0.512732041516882,0.9476099856301594,1.0,0.9999999999999999,0.6460982123459177,p=0.80|twirl=0,d=2
channel,amp_damp_twirl1,d=2,p=0.80,0x1352034e,3000,1.1196870160442158,0.676539242458538,1.0872786366914313,1.1506048315138329,0.673558613550662,0.635463376681116,0.8022404638044959,1.1795151515125313,p=0.80|twirl=1,d=2
channel,amp_damp_twirl3,d=2,p=0.80,0x9affe83f,3000,0.7261462712544238,0.4380873438675011,0.6520058756073117,0.796041896458523,0.13042931401025604,0.2544634878292764,0.3710758496750944,0.6660494260398969,p=0.80|twirl=3,d=2
channel,amp_damp_twirl5,d=2,p=0.80,0x1e821412,3000,0.5592771043702387,0.2709561770076013,0.48400636075582676,0.6312902844099022,0.07890937921972141,0.2282383016561076,0.33601582666842517,0.5619341361881504,p=0.80|twirl=5,d=2
